{"count": 10, "start": 0, "total": 56, "subjects": [{"rating": {"max": 10, "average": 6.3, "details": {"1": 227.0, "3": 1078.0, "2": 555.0, "5": 332.0, "4": 728.0}, "stars": "35", "min": 0}, "genres": ["\u5267\u60c5"], "title": "\u94f6\u6cb3\u8865\u4e60\u73ed", "casts": [{"avatars": {"small": "http://img1.doubanio.com\/view\/celebrity\/s_ratio_celebrity\/public\/p805.webp", "large": "http://img1.doubanio.com\/view\/celebrity\/s_ratio_celebrity\/public\/p805.webp", "medium": "http://img1.doubanio.com\/view\/celebrity\/s_ratio_celebrity\/public\/p805.webp"}, "name_en": "Chao Deng", "name": "\u9093\u8d85", "alt": "https:\/\/movie.douban.com\/celebrity\/1274235\/", "id": "1274235"}, {"avatars": {"small": "http://img1.doubanio.com\/view\/celebrity\/s_ratio_celebrity\/public\/p1530362237.95.webp", "large": "http://img1.doubanio.com\/view\/celebrity\/s_ratio_celebrity\/public\/p1530362237.95.webp", "medium": "http://img1.doubanio.com\/view\/celebrity\/s_ratio_celebrity\/public\/p1530362237.95.webp"}, "name_en": "Yu Bai", "name": "\u767d\u5b87", "alt": "https:\/\/movie.douban.com\/celebrity\/1337887\/", "id": "1337887"}, {"avatars": {"small": "http://img3.doubanio.com\/view\/celebrity\/s_ratio_celebrity\/public\/p1478066140.77.webp", "large": "http://img3.doubanio.com\/view\/celebrity\/s_ratio_celebrity\/public\/p1478066140.77.webp", "medium": "http://img3.doubanio.com\/view\/celebrity\/s_ratio_celebrity\/public\/p1478066140.77.webp"}, "name_en": "Suxi Ren", "name": "\u4efb\u7d20\u6c50", "alt": "https:\/\/movie.douban.com\/celebrity\/1362973\/", "id": "1362973"}], "durations": ["147\u5206\u949f"], "collect_count": 38858, "mainland_pubdate": "2019-07-18", "has_video": false, "original_title": "\u94f6\u6cb3\u8865\u4e60\u73ed", "subtype": "movie", "directors": [{"avatars": {"small": "http://img1.doubanio.com\/view\/celebrity\/s_ratio_celebrity\/public\/p805.webp", "large": "http://img1.doubanio.com\/view\/celebrity\/s_ratio_celebrity\/public\/p805.webp", "medium": "http://img1.doubanio.com\/view\/celebrity\/s_ratio_celebrity\/public\/p805.webp"}, "name_en": "Chao Deng", "name": "\u9093\u8d85", "alt": "https:\/\/movie.douban.com\/celebrity\/1274235\/", "id": "1274235"}, {"avatars": {"small": "http://img1.doubanio.com\/view\/celebrity\/s_ratio_celebrity\/public\/p36973.webp", "large": "http://img1.doubanio.com\/view\/celebrity\/s_ratio_celebrity\/public\/p36973.webp", "medium": "http://img1.doubanio.com\/view\/celebrity\/s_ratio_celebrity\/public\/p36973.webp"}, "name_en": "Baimei Yu", "name": "\u4fde\u767d\u7709", "alt": "https:\/\/movie.douban.com\/celebrity\/1316617\/", "id": "1316617"}], "pubdates": ["2019-07-13(\u5927\u89c4\u6a21\u70b9\u6620)", "2019-07-18(\u4e2d\u56fd\u5927\u9646)"], "year": "2019", "images": {"small": "http://img3.doubanio.com\/view\/photo\/s_ratio_poster\/public\/p2561542089.webp", "large": "http://img3.doubanio.com\/view\/photo\/s_ratio_poster\/public\/p2561542089.webp", "medium": "http://img3.doubanio.com\/view\/photo\/s_ratio_poster\/public\/p2561542089.webp"}, "alt": "https:\/\/movie.douban.com\/subject\/30282387\/", "id": "30282387"}, {"rating": {"max": 10, "average": 7.4, "details": {"1": 139.0, "3": 7187.0, "2": 915.0, "5": 3633.0, "4": 8590.0}, "stars": "40", "min": 0}, "genres": ["\u5267\u60c5", "\u52a8\u753b", "\u5192\u9669"], "title": "\u72ee\u5b50\u738b", "casts": [{"avatars": {"small": "http://img1.doubanio.com\/view\/celebrity\/s_ratio_celebrity\/public\/p1466186775.21.webp", "large": "http://img1.doubanio.com\/view\/celebrity\/s_ratio_celebrity\/public\/p1466186775.21.webp", "medium": "http://img1.doubanio.com\/view\/celebrity\/s_ratio_celebrity\/public\/p1466186775.21.webp"}, "name_en": "Donald Glover", "name": "\u5510\u7eb3\u5fb7\u00b7\u683c\u6d1b\u5f17", "alt": "https:\/\/movie.douban.com\/celebrity\/1314061\/", "id": "1314061"}, {"avatars": {"small": "http://img3.doubanio.com\/view\/celebrity\/s_ratio_celebrity\/public\/p1422444822.86.webp", "large": "http://img3.doubanio.com\/view\/celebrity\/s_ratio_celebrity\/public\/p1422444822.86.webp", "medium": "http://img3.doubanio.com\/view\/celebrity\/s_ratio_celebrity\/public\/p1422444822.86.webp"}, "name_en": "Alfre Woodard", "name": "\u963f\u5c14\u6cd5\u00b7\u4f0d\u8fbe\u5fb7", "alt": "https:\/\/movie.douban.com\/celebrity\/1041159\/", "id": "1041159"}, {"avatars": {"small": "http://img3.doubanio.com\/view\/celebrity\/s_ratio_celebrity\/public\/p1490091638.27.webp", "large": "http://img3.doubanio.com\/view\/celebrity\/s_ratio_celebrity\/public\/p1490091638.27.webp", "medium": "http://img3.doubanio.com\/view\/celebrity\/s_ratio_celebrity\/public\/p1490091638.27.webp"}, "name_en": "James Earl Jones", "name": "\u8a79\u59c6\u65af\u00b7\u5384\u5c14\u00b7\u743c\u65af", "alt": "https:\/\/movie.douban.com\/celebrity\/1013800\/", "id": "1013800"}], "durations": ["118\u5206\u949f"], "collect_count": 117023, "mainland_pubdate": "2019-07-12", "has_video": false, "original_title": "The Lion King", "subtype": "movie", "directors": [{"avatars": {"small": "http://img3.doubanio.com\/view\/celebrity\/s_ratio_celebrity\/public\/p1405546733.56.webp", "large": "http://img3.doubanio.com\/view\/celebrity\/s_ratio_celebrity\/public\/p1405546733.56.webp", "medium": "http://img3.doubanio.com\/view\/celebrity\/s_ratio_celebrity\/public\/p1405546733.56.webp"}, "name_en": "Jon Favreau", "name": "\u4e54\u6069\u00b7\u8d39\u5112", "alt": "https:\/\/movie.douban.com\/celebrity\/1027164\/", "id": "1027164"}], "pubdates": ["2019-07-12(\u4e2d\u56fd\u5927\u9646)", "2019-07-19(\u7f8e\u56fd)"], "year": "2019", "images": {"small": "http://img1.doubanio.com\/view\/photo\/s_ratio_poster\/public\/p2559742751.webp", "large": "http://img1.doubanio.com\/view\/photo\/s_ratio_poster\/public\/p2559742751.webp", "medium": "http://img1.doubanio.com\/view\/photo\/s_ratio_poster\/public\/p2559742751.webp"}, "alt": "https:\/\/movie.douban.com\/subject\/26884354\/", "id": "26884354"}, {"rating": {"max": 10, "average": 6.1, "details": {"1": 33.0, "3": 235.0, "2": 103.0, "5": 57.0, "4": 83.0}, "stars": "30", "min": 0}, "genres": ["\u79d1\u5e7b", "\u52a8\u753b", "\u5192\u9669"], "title": "\u672a\u6765\u673a\u5668\u57ce", "casts": [{"avatars": {"small": "http://img3.doubanio.com\/view\/celebrity\/s_ratio_celebrity\/public\/p1534766432.19.webp", "large": "http://img3.doubanio.com\/view\/celebrity\/s_ratio_celebrity\/public\/p1534766432.19.webp", "medium": "http://img3.doubanio.com\/view\/celebrity\/s_ratio_celebrity\/public\/p1534766432.19.webp"}, "name_en": "Yingdi Han", "name": "\u97e9\u83b9\u68e3", "alt": "https:\/\/movie.douban.com\/celebrity\/1399479\/", "id": "1399479"}, {"avatars": {"small": "http://img1.doubanio.com\/view\/celebrity\/s_ratio_celebrity\/public\/p1534766550.03.webp", "large": "http://img1.doubanio.com\/view\/celebrity\/s_ratio_celebrity\/public\/p1534766550.03.webp", "medium": "http://img1.doubanio.com\/view\/celebrity\/s_ratio_celebrity\/public\/p1534766550.03.webp"}, "name_en": "Haiyin Zheng", "name": "\u90d1\u6d77\u97f3", "alt": "https:\/\/movie.douban.com\/celebrity\/1399480\/", "id": "1399480"}, {"avatars": {"small": "http://img1.doubanio.com\/view\/celebrity\/s_ratio_celebrity\/public\/p1381744526.75.webp", "large": "http://img1.doubanio.com\/view\/celebrity\/s_ratio_celebrity\/public\/p1381744526.75.webp", "medium": "http://img1.doubanio.com\/view\/celebrity\/s_ratio_celebrity\/public\/p1381744526.75.webp"}, "name_en": "Yuanzheng Feng", "name": "\u51af\u8fdc\u5f81", "alt": "https:\/\/movie.douban.com\/celebrity\/1043136\/", "id": "1043136"}], "durations": ["107\u5206\u949f", "106\u5206\u949f(\u7f8e\u56fd)"], "collect_count": 5629, "mainland_pubdate": "2019-07-19", "has_video": false, "original_title": "\u672a\u6765\u673a\u5668\u57ce", "subtype": "movie", "directors": [{"avatars": {"small": "http://img1.doubanio.com\/view\/celebrity\/s_ratio_celebrity\/public\/p1562743087.12.webp", "large": "http://img1.doubanio.com\/view\/celebrity\/s_ratio_celebrity\/public\/p1562743087.12.webp", "medium": "http://img1.doubanio.com\/view\/celebrity\/s_ratio_celebrity\/public\/p1562743087.12.webp"}, "name_en": "Kevin R. Adams", "name": "\u5b89\u606a\u6e29", "alt": "https:\/\/movie.douban.com\/celebrity\/1392324\/", "id": "1392324"}, {"avatars": {"small": "http://img1.doubanio.com\/view\/celebrity\/s_ratio_celebrity\/public\/p1562743106.05.webp", "large": "http://img1.doubanio.com\/view\/celebrity\/s_ratio_celebrity\/public\/p1562743106.05.webp", "medium": "http://img1.doubanio.com\/view\/celebrity\/s_ratio_celebrity\/public\/p1562743106.05.webp"}, "name_en": "Joe Ksander", "name": "\u9f99\u5b50\u4e54", "alt": "https:\/\/movie.douban.com\/celebrity\/1308172\/", "id": "1308172"}], "pubdates": ["2018-09-07(\u7f8e\u56fd)", "2019-07-19(\u4e2d\u56fd\u5927\u9646)"], "year": "2018", "images": {"small": "http://img1.doubanio.com\/view\/photo\/s_ratio_poster\/public\/p2561782665.webp", "large": "http://img1.doubanio.com\/view\/photo\/s_ratio_poster\/public\/p2561782665.webp", "medium": "http://img1.doubanio.com\/view\/photo\/s_ratio_poster\/public\/p2561782665.webp"}, "alt": "https:\/\/movie.douban.com\/subject\/27200988\/", "id": "27200988"}, {"rating": {"max": 10, "average": 8.3, "details": {"1": 17.0, "3": 247.0, "2": 42.0, "5": 562.0, "4": 471.0}, "stars": "45", "min": 0}, "genres": ["\u7231\u60c5", "\u52a8\u753b", "\u5947\u5e7b"], "title": "\u6e38\u620f\u4eba\u751f \u96f6", "casts": [{"avatars": {"small": "http://img1.doubanio.com\/view\/celebrity\/s_ratio_celebrity\/public\/p1497789604.25.webp", "large": "http://img1.doubanio.com\/view\/celebrity\/s_ratio_celebrity\/public\/p1497789604.25.webp", "medium": "http://img1.doubanio.com\/view\/celebrity\/s_ratio_celebrity\/public\/p1497789604.25.webp"}, "name_en": "Yoshitsugu Matsuoka", "name": "\u677e\u5188\u796f\u4e1e", "alt": "https:\/\/movie.douban.com\/celebrity\/1314691\/", "id": "1314691"}, {"avatars": {"small": "http://img3.doubanio.com\/view\/celebrity\/s_ratio_celebrity\/public\/p1366715194.78.webp", "large": "http://img3.doubanio.com\/view\/celebrity\/s_ratio_celebrity\/public\/p1366715194.78.webp", "medium": "http://img3.doubanio.com\/view\/celebrity\/s_ratio_celebrity\/public\/p1366715194.78.webp"}, "name_en": "Ai Kayano", "name": "\u8305\u91ce\u7231\u8863", "alt": "https:\/\/movie.douban.com\/celebrity\/1314532\/", "id": "1314532"}, {"avatars": {"small": "http://img1.doubanio.com\/view\/celebrity\/s_ratio_celebrity\/public\/p23363.webp", "large": "http://img1.doubanio.com\/view\/celebrity\/s_ratio_celebrity\/public\/p23363.webp", "medium": "http://img1.doubanio.com\/view\/celebrity\/s_ratio_celebrity\/public\/p23363.webp"}, "name_en": "Yoko Hikasa", "name": "\u65e5\u7b20\u9633\u5b50", "alt": "https:\/\/movie.douban.com\/celebrity\/1275199\/", "id": "1275199"}], "durations": ["107\u5206\u949f"], "collect_count": 11859, "mainland_pubdate": "2019-07-19", "has_video": false, "original_title": "\u30ce\u30fc\u30b2\u30fc\u30e0\u30fb\u30ce\u30fc\u30e9\u30a4\u30d5 \u30bc\u30ed", "subtype": "movie", "directors": [{"avatars": {"small": "http://img1.doubanio.com\/view\/celebrity\/s_ratio_celebrity\/public\/p21643.webp", "large": "http://img1.doubanio.com\/view\/celebrity\/s_ratio_celebrity\/public\/p21643.webp", "medium": "http://img1.doubanio.com\/view\/celebrity\/s_ratio_celebrity\/public\/p21643.webp"}, "name_en": "Atsuko Ishizuka", "name": "\u77f3\u585a\u6566\u5b50", "alt": "https:\/\/movie.douban.com\/celebrity\/1314066\/", "id": "1314066"}], "pubdates": ["2017-07-15(\u65e5\u672c)", "2019-07-19(\u4e2d\u56fd\u5927\u9646)"], "year": "2017", "images": {"small": "http://img1.doubanio.com\/view\/photo\/s_ratio_poster\/public\/p2561782374.webp", "large": "http://img1.doubanio.com\/view\/photo\/s_ratio_poster\/public\/p2561782374.webp", "medium": "http://img1.doubanio.com\/view\/photo\/s_ratio_poster\/public\/p2561782374.webp"}, "alt": "https:\/\/movie.douban.com\/subject\/26837952\/", "id": "26837952"}, {"rating": {"max": 10, "average": 8.6, "details": {"1": 5.0, "3": 124.0, "2": 17.0, "5": 546.0, "4": 512.0}, "stars": "45", "min": 0}, "genres": ["\u559c\u5267", "\u52a8\u753b", "\u5947\u5e7b"], "title": "\u54ea\u5412\u4e4b\u9b54\u7ae5\u964d\u4e16", "casts": [{"avatars": {"small": "http://img3.doubanio.com\/view\/celebrity\/s_ratio_celebrity\/public\/p1563251143.18.webp", "large": "http://img3.doubanio.com\/view\/celebrity\/s_ratio_celebrity\/public\/p1563251143.18.webp", "medium": "http://img3.doubanio.com\/view\/celebrity\/s_ratio_celebrity\/public\/p1563251143.18.webp"}, "name_en": "Yanting Lv", "name": "\u5415\u8273\u5a77", "alt": "https:\/\/movie.douban.com\/celebrity\/1419996\/", "id": "1419996"}, {"avatars": {"small": "http://img3.doubanio.com\/view\/celebrity\/s_ratio_celebrity\/public\/p1559010159.37.webp", "large": "http://img3.doubanio.com\/view\/celebrity\/s_ratio_celebrity\/public\/p1559010159.37.webp", "medium": "http://img3.doubanio.com\/view\/celebrity\/s_ratio_celebrity\/public\/p1559010159.37.webp"}, "name_en": "", "name": "\u56e7\u68ee\u745f\u592b", "alt": "https:\/\/movie.douban.com\/celebrity\/1400125\/", "id": "1400125"}, {"avatars": {"small": "http://img3.doubanio.com\/view\/celebrity\/s_ratio_celebrity\/public\/p1563156886.49.webp", "large": "http://img3.doubanio.com\/view\/celebrity\/s_ratio_celebrity\/public\/p1563156886.49.webp", "medium": "http://img3.doubanio.com\/view\/celebrity\/s_ratio_celebrity\/public\/p1563156886.49.webp"}, "name_en": "Mo Han", "name": "\u701a\u58a8", "alt": "https:\/\/movie.douban.com\/celebrity\/1400124\/", "id": "1400124"}], "durations": ["110\u5206\u949f"], "collect_count": 7618, "mainland_pubdate": "2019-07-26", "has_video": false, "original_title": "\u54ea\u5412\u4e4b\u9b54\u7ae5\u964d\u4e16", "subtype": "movie", "directors": [{"avatars": {"small": "http://img3.doubanio.com\/view\/celebrity\/s_ratio_celebrity\/public\/p1547719747.9.webp", "large": "http://img3.doubanio.com\/view\/celebrity\/s_ratio_celebrity\/public\/p1547719747.9.webp", "medium": "http://img3.doubanio.com\/view\/celebrity\/s_ratio_celebrity\/public\/p1547719747.9.webp"}, "name_en": "Yu Yang", "name": "\u997a\u5b50", "alt": "https:\/\/movie.douban.com\/celebrity\/1328441\/", "id": "1328441"}], "pubdates": ["2019-07-13(\u5927\u89c4\u6a21\u70b9\u6620)", "2019-07-26(\u4e2d\u56fd\u5927\u9646)"], "year": "2019", "images": {"small": "http://img3.doubanio.com\/view\/photo\/s_ratio_poster\/public\/p2561876698.webp", "large": "http://img3.doubanio.com\/view\/photo\/s_ratio_poster\/public\/p2561876698.webp", "medium": "http://img3.doubanio.com\/view\/photo\/s_ratio_poster\/public\/p2561876698.webp"}, "alt": "https:\/\/movie.douban.com\/subject\/26794435\/", "id": "26794435"}, {"rating": {"max": 10, "average": 6.2, "details": {"1": 284.0, "3": 5427.0, "2": 1695.0, "5": 525.0, "4": 2265.0}, "stars": "35", "min": 0}, "genres": ["\u5267\u60c5", "\u52a8\u4f5c", "\u72af\u7f6a"], "title": "\u626b\u6bd22\u5929\u5730\u5bf9\u51b3", "casts": [{"avatars": {"small": "http://img1.doubanio.com\/view\/celebrity\/s_ratio_celebrity\/public\/p1378956633.91.webp", "large": "http://img1.doubanio.com\/view\/celebrity\/s_ratio_celebrity\/public\/p1378956633.91.webp", "medium": "http://img1.doubanio.com\/view\/celebrity\/s_ratio_celebrity\/public\/p1378956633.91.webp"}, "name_en": "Andy Lau", "name": "\u5218\u5fb7\u534e", "alt": "https:\/\/movie.douban.com\/celebrity\/1054424\/", "id": "1054424"}, {"avatars": {"small": "http://img3.doubanio.com\/view\/celebrity\/s_ratio_celebrity\/public\/p1421047436.79.webp", "large": "http://img3.doubanio.com\/view\/celebrity\/s_ratio_celebrity\/public\/p1421047436.79.webp", "medium": "http://img3.doubanio.com\/view\/celebrity\/s_ratio_celebrity\/public\/p1421047436.79.webp"}, "name_en": "Louis Koo", "name": "\u53e4\u5929\u4e50", "alt": "https:\/\/movie.douban.com\/celebrity\/1027577\/", "id": "1027577"}, {"avatars": {"small": "http://img3.doubanio.com\/view\/celebrity\/s_ratio_celebrity\/public\/p2247.webp", "large": "http://img3.doubanio.com\/view\/celebrity\/s_ratio_celebrity\/public\/p2247.webp", "medium": "http://img3.doubanio.com\/view\/celebrity\/s_ratio_celebrity\/public\/p2247.webp"}, "name_en": "Kiu Wai Miu", "name": "\u82d7\u4fa8\u4f1f", "alt": "https:\/\/movie.douban.com\/celebrity\/1115415\/", "id": "1115415"}], "durations": ["99\u5206\u949f"], "collect_count": 81894, "mainland_pubdate": "2019-07-05", "has_video": false, "original_title": "\u6383\u6bd22\uff1a\u5929\u5730\u5c0d\u6c7a", "subtype": "movie", "directors": [{"avatars": {"small": "http://img3.doubanio.com\/view\/celebrity\/s_ratio_celebrity\/public\/p28346.webp", "large": "http://img3.doubanio.com\/view\/celebrity\/s_ratio_celebrity\/public\/p28346.webp", "medium": "http://img3.doubanio.com\/view\/celebrity\/s_ratio_celebrity\/public\/p28346.webp"}, "name_en": "Herman Yau", "name": "\u90b1\u793c\u6d9b", "alt": "https:\/\/movie.douban.com\/celebrity\/1274313\/", "id": "1274313"}], "pubdates": ["2019-07-05(\u4e2d\u56fd\u5927\u9646)", "2019-07-16(\u9999\u6e2f)"], "year": "2019", "images": {"small": "http://img1.doubanio.com\/view\/photo\/s_ratio_poster\/public\/p2561172733.webp", "large": "http://img1.doubanio.com\/view\/photo\/s_ratio_poster\/public\/p2561172733.webp", "medium": "http://img1.doubanio.com\/view\/photo\/s_ratio_poster\/public\/p2561172733.webp"}, "alt": "https:\/\/movie.douban.com\/subject\/30171425\/", "id": "30171425"}, {"rating": {"max": 10, "average": 7.9, "details": {"1": 215.0, "3": 11421.0, "2": 1034.0, "5": 12871.0, "4": 24330.0}, "stars": "40", "min": 0}, "genres": ["\u52a8\u4f5c", "\u79d1\u5e7b", "\u5192\u9669"], "title": "\u8718\u86db\u4fa0\uff1a\u82f1\u96c4\u8fdc\u5f81", "casts": [{"avatars": {"small": "http://img3.doubanio.com\/view\/celebrity\/s_ratio_celebrity\/public\/p1467942867.09.webp", "large": "http://img3.doubanio.com\/view\/celebrity\/s_ratio_celebrity\/public\/p1467942867.09.webp", "medium": "http://img3.doubanio.com\/view\/celebrity\/s_ratio_celebrity\/public\/p1467942867.09.webp"}, "name_en": "Tom Holland", "name": "\u6c64\u59c6\u00b7\u8d6b\u5170\u5fb7", "alt": "https:\/\/movie.douban.com\/celebrity\/1325351\/", "id": "1325351"}, {"avatars": {"small": "http://img3.doubanio.com\/view\/celebrity\/s_ratio_celebrity\/public\/p1543479263.47.webp", "large": "http://img3.doubanio.com\/view\/celebrity\/s_ratio_celebrity\/public\/p1543479263.47.webp", "medium": "http://img3.doubanio.com\/view\/celebrity\/s_ratio_celebrity\/public\/p1543479263.47.webp"}, "name_en": "Zendaya", "name": "\u8d5e\u8fbe\u4e9a", "alt": "https:\/\/movie.douban.com\/celebrity\/1325576\/", "id": "1325576"}, {"avatars": {"small": "http://img3.doubanio.com\/view\/celebrity\/s_ratio_celebrity\/public\/p12737.webp", "large": "http://img3.doubanio.com\/view\/celebrity\/s_ratio_celebrity\/public\/p12737.webp", "medium": "http://img3.doubanio.com\/view\/celebrity\/s_ratio_celebrity\/public\/p12737.webp"}, "name_en": "Jake Gyllenhaal", "name": "\u6770\u514b\u00b7\u5409\u4f26\u54c8\u5c14", "alt": "https:\/\/movie.douban.com\/celebrity\/1048002\/", "id": "1048002"}], "durations": ["127\u5206\u949f"], "collect_count": 336819, "mainland_pubdate": "2019-06-28", "has_video": false, "original_title": "Spider-Man: Far from Home", "subtype": "movie", "directors": [{"avatars": {"small": "http://img1.doubanio.com\/view\/celebrity\/s_ratio_celebrity\/public\/p1435142487.62.webp", "large": "http://img1.doubanio.com\/view\/celebrity\/s_ratio_celebrity\/public\/p1435142487.62.webp", "medium": "http://img1.doubanio.com\/view\/celebrity\/s_ratio_celebrity\/public\/p1435142487.62.webp"}, "name_en": "Jon Watts", "name": "\u4e54\u00b7\u6c83\u8328", "alt": "https:\/\/movie.douban.com\/celebrity\/1350194\/", "id": "1350194"}], "pubdates": ["2019-06-28(\u4e2d\u56fd\u5927\u9646)", "2019-07-02(\u7f8e\u56fd)"], "year": "2019", "images": {"small": "http://img3.doubanio.com\/view\/photo\/s_ratio_poster\/public\/p2558293106.webp", "large": "http://img3.doubanio.com\/view\/photo\/s_ratio_poster\/public\/p2558293106.webp", "medium": "http://img3.doubanio.com\/view\/photo\/s_ratio_poster\/public\/p2558293106.webp"}, "alt": "https:\/\/movie.douban.com\/subject\/26931786\/", "id": "26931786"}, {"rating": {"max": 10, "average": 3.9, "details": {"1": 178.0, "3": 83.0, "2": 120.0, "5": 11.0, "4": 20.0}, "stars": "20", "min": 0}, "genres": ["\u559c\u5267", "\u52a8\u4f5c", "\u5192\u9669"], "title": "\u7d20\u4eba\u7279\u5de5", "casts": [{"avatars": {"small": "http://img3.doubanio.com\/view\/celebrity\/s_ratio_celebrity\/public\/p1546579487.08.webp", "large": "http://img3.doubanio.com\/view\/celebrity\/s_ratio_celebrity\/public\/p1546579487.08.webp", "medium": "http://img3.doubanio.com\/view\/celebrity\/s_ratio_celebrity\/public\/p1546579487.08.webp"}, "name_en": "Talu Wang", "name": "\u738b\u5927\u9646", "alt": "https:\/\/movie.douban.com\/celebrity\/1341187\/", "id": "1341187"}, {"avatars": {"small": "http://img1.doubanio.com\/view\/celebrity\/s_ratio_celebrity\/public\/p12665.webp", "large": "http://img1.doubanio.com\/view\/celebrity\/s_ratio_celebrity\/public\/p12665.webp", "medium": "http://img1.doubanio.com\/view\/celebrity\/s_ratio_celebrity\/public\/p12665.webp"}, "name_en": "Sandrine Pinna", "name": "\u5f20\u6995\u5bb9", "alt": "https:\/\/movie.douban.com\/celebrity\/1226703\/", "id": "1226703"}, {"avatars": {"small": "http://img1.doubanio.com\/view\/celebrity\/s_ratio_celebrity\/public\/p2431.webp", "large": "http://img1.doubanio.com\/view\/celebrity\/s_ratio_celebrity\/public\/p2431.webp", "medium": "http://img1.doubanio.com\/view\/celebrity\/s_ratio_celebrity\/public\/p2431.webp"}, "name_en": "Milla Jovovich", "name": "\u7c73\u62c9\u00b7\u4e54\u6c83\u7ef4\u5947", "alt": "https:\/\/movie.douban.com\/celebrity\/1025154\/", "id": "1025154"}], "durations": ["113\u5206\u949f"], "collect_count": 6494, "mainland_pubdate": "2019-07-12", "has_video": false, "original_title": "\u7d20\u4eba\u7279\u5de5", "subtype": "movie", "directors": [{"avatars": {"small": "http://img1.doubanio.com\/view\/celebrity\/s_ratio_celebrity\/public\/p1453166767.25.webp", "large": "http://img1.doubanio.com\/view\/celebrity\/s_ratio_celebrity\/public\/p1453166767.25.webp", "medium": "http://img1.doubanio.com\/view\/celebrity\/s_ratio_celebrity\/public\/p1453166767.25.webp"}, "name_en": "Alan Yuen", "name": "\u8881\u9526\u9e9f", "alt": "https:\/\/movie.douban.com\/celebrity\/1312751\/", "id": "1312751"}], "pubdates": ["2019-07-12(\u4e2d\u56fd\u5927\u9646)"], "year": "2019", "images": {"small": "http://img3.doubanio.com\/view\/photo\/s_ratio_poster\/public\/p2560447448.webp", "large": "http://img3.doubanio.com\/view\/photo\/s_ratio_poster\/public\/p2560447448.webp", "medium": "http://img3.doubanio.com\/view\/photo\/s_ratio_poster\/public\/p2560447448.webp"}, "alt": "https:\/\/movie.douban.com\/subject\/27155276\/", "id": "27155276"}, {"rating": {"max": 10, "average": 9.3, "details": {"1": 1066.0, "3": 37746.0, "2": 2079.0, "5": 690875.0, "4": 236322.0}, "stars": "50", "min": 0}, "genres": ["\u5267\u60c5", "\u52a8\u753b", "\u5947\u5e7b"], "title": "\u5343\u4e0e\u5343\u5bfb", "casts": [{"avatars": {"small": "http://img1.doubanio.com\/view\/celebrity\/s_ratio_celebrity\/public\/p1463193210.13.webp", "large": "http://img1.doubanio.com\/view\/celebrity\/s_ratio_celebrity\/public\/p1463193210.13.webp", "medium": "http://img1.doubanio.com\/view\/celebrity\/s_ratio_celebrity\/public\/p1463193210.13.webp"}, "name_en": "Rumi Hiiragi", "name": "\u67ca\u7460\u7f8e", "alt": "https:\/\/movie.douban.com\/celebrity\/1023337\/", "id": "1023337"}, {"avatars": {"small": "http://img3.doubanio.com\/view\/celebrity\/s_ratio_celebrity\/public\/p44986.webp", "large": "http://img3.doubanio.com\/view\/celebrity\/s_ratio_celebrity\/public\/p44986.webp", "medium": "http://img3.doubanio.com\/view\/celebrity\/s_ratio_celebrity\/public\/p44986.webp"}, "name_en": "Miyu Irino", "name": "\u5165\u91ce\u81ea\u7531", "alt": "https:\/\/movie.douban.com\/celebrity\/1005438\/", "id": "1005438"}, {"avatars": {"small": "http://img1.doubanio.com\/view\/celebrity\/s_ratio_celebrity\/public\/p1376151005.51.webp", "large": "http://img1.doubanio.com\/view\/celebrity\/s_ratio_celebrity\/public\/p1376151005.51.webp", "medium": "http://img1.doubanio.com\/view\/celebrity\/s_ratio_celebrity\/public\/p1376151005.51.webp"}, "name_en": "Mari Natsuki", "name": "\u590f\u6728\u771f\u7406", "alt": "https:\/\/movie.douban.com\/celebrity\/1045797\/", "id": "1045797"}], "durations": ["125\u5206\u949f"], "collect_count": 1589496, "mainland_pubdate": "2019-06-21", "has_video": false, "original_title": "\u5343\u3068\u5343\u5c0b\u306e\u795e\u96a0\u3057", "subtype": "movie", "directors": [{"avatars": {"small": "http://img3.doubanio.com\/view\/celebrity\/s_ratio_celebrity\/public\/p616.webp", "large": "http://img3.doubanio.com\/view\/celebrity\/s_ratio_celebrity\/public\/p616.webp", "medium": "http://img3.doubanio.com\/view\/celebrity\/s_ratio_celebrity\/public\/p616.webp"}, "name_en": "Hayao Miyazaki", "name": "\u5bab\u5d0e\u9a8f", "alt": "https:\/\/movie.douban.com\/celebrity\/1054439\/", "id": "1054439"}], "pubdates": ["2001-07-20(\u65e5\u672c)", "2019-06-21(\u4e2d\u56fd\u5927\u9646)"], "year": "2001", "images": {"small": "http://img3.doubanio.com\/view\/photo\/s_ratio_poster\/public\/p2557573348.webp", "large": "http://img3.doubanio.com\/view\/photo\/s_ratio_poster\/public\/p2557573348.webp", "medium": "http://img3.doubanio.com\/view\/photo\/s_ratio_poster\/public\/p2557573348.webp"}, "alt": "https:\/\/movie.douban.com\/subject\/1291561\/", "id": "1291561"}, {"rating": {"max": 10, "average": 7.9, "details": {"1": 30.0, "3": 456.0, "2": 76.0, "5": 578.0, "4": 765.0}, "stars": "40", "min": 0}, "genres": ["\u5267\u60c5", "\u52a8\u753b", "\u5947\u5e7b"], "title": "\u547d\u8fd0\u4e4b\u591c\u2014\u2014\u5929\u4e4b\u676fII \uff1a\u8ff7\u5931\u4e4b\u8776", "casts": [{"avatars": {"small": "http://img1.doubanio.com\/view\/celebrity\/s_ratio_celebrity\/public\/p1360495608.41.webp", "large": "http://img1.doubanio.com\/view\/celebrity\/s_ratio_celebrity\/public\/p1360495608.41.webp", "medium": "http://img1.doubanio.com\/view\/celebrity\/s_ratio_celebrity\/public\/p1360495608.41.webp"}, "name_en": "Noriaki Sugiyama", "name": "\u6749\u5c71\u7eaa\u5f70", "alt": "https:\/\/movie.douban.com\/celebrity\/1035537\/", "id": "1035537"}, {"avatars": {"small": "http://img3.doubanio.com\/view\/celebrity\/s_ratio_celebrity\/public\/p1401447458.69.webp", "large": "http://img3.doubanio.com\/view\/celebrity\/s_ratio_celebrity\/public\/p1401447458.69.webp", "medium": "http://img3.doubanio.com\/view\/celebrity\/s_ratio_celebrity\/public\/p1401447458.69.webp"}, "name_en": "Noriko Shitaya", "name": "\u4e0b\u5c4b\u5219\u5b50", "alt": "https:\/\/movie.douban.com\/celebrity\/1046546\/", "id": "1046546"}, {"avatars": {"small": "http://img1.doubanio.com\/view\/celebrity\/s_ratio_celebrity\/public\/p23870.webp", "large": "http://img1.doubanio.com\/view\/celebrity\/s_ratio_celebrity\/public\/p23870.webp", "medium": "http://img1.doubanio.com\/view\/celebrity\/s_ratio_celebrity\/public\/p23870.webp"}, "name_en": "Hiroshi Kamiya", "name": "\u795e\u8c37\u6d69\u53f2", "alt": "https:\/\/movie.douban.com\/celebrity\/1274377\/", "id": "1274377"}], "durations": ["117\u5206\u949f", "113\u5206\u949f(\u4e2d\u56fd\u5927\u9646)"], "collect_count": 11453, "mainland_pubdate": "2019-07-12", "has_video": false, "original_title": "\u5287\u5834\u7248Fate\/stay night Heaven's Feel II.lost butterfly", "subtype": "movie", "directors": [{"avatars": {"small": "http://img3.doubanio.com\/view\/celebrity\/s_ratio_celebrity\/public\/p-X6KppmI0EIcel_avatar_uploaded1525790121.19.webp", "large": "http://img3.doubanio.com\/view\/celebrity\/s_ratio_celebrity\/public\/p-X6KppmI0EIcel_avatar_uploaded1525790121.19.webp", "medium": "http://img3.doubanio.com\/view\/celebrity\/s_ratio_celebrity\/public\/p-X6KppmI0EIcel_avatar_uploaded1525790121.19.webp"}, "name_en": "Tomonori Sud\u00f4", "name": "\u987b\u85e4\u53cb\u5fb7", "alt": "https:\/\/movie.douban.com\/celebrity\/1392464\/", "id": "1392464"}], "pubdates": ["2019-01-12(\u65e5\u672c)", "2019-07-12(\u4e2d\u56fd\u5927\u9646)"], "year": "2019", "images": {"small": "http://img1.doubanio.com\/view\/photo\/s_ratio_poster\/public\/p2561910374.webp", "large": "http://img1.doubanio.com\/view\/photo\/s_ratio_poster\/public\/p2561910374.webp", "medium": "http://img1.doubanio.com\/view\/photo\/s_ratio_poster\/public\/p2561910374.webp"}, "alt": "https:\/\/movie.douban.com\/subject\/26759819\/", "id": "26759819"}], "title": "\u6b63\u5728\u4e0a\u6620\u7684\u7535\u5f71-\u5317\u4eac"}